problem,x_1,x_2,x_3,x_4,x_5,x_6,x_7,p_1,p_2,p_3,p_4,p_5,p_6,p_7,OLC,SLC,ln_payout_magn,ln_num_states,involves_loss,ln_variance
280,66,64,34,21,13,-5,NA,0.2,0.4,0.2,0.05,0.05,0.1,NA,9.305107585478423,11.897625123940376,3.550574782736756,1.9459101490553132,1,6.370859427482963
281,37,14,NA,NA,NA,NA,NA,0.95,0.05,NA,NA,NA,NA,NA,3.031956133642951,3.76089003742308,3.2771447329921766,1.0986122886681098,0,3.262988399486515
282,19,-13,-17,NA,NA,NA,NA,0.1,0.45,0.45,NA,NA,NA,NA,5.723469333064366,7.5419672179297566,2.8526314299133175,1.3862943611198906,1,4.688039663810386
283,31,10,NA,NA,NA,NA,NA,0.9,0.1,NA,NA,NA,NA,NA,3.311754912756194,4.0581190005455525,3.068052935133617,1.0986122886681098,0,3.7059823620135943
284,63,55,35,34,25,2,NA,0.4,0.4,0.05,0.05,0.05,0.05,NA,7.4687769722464905,9.221938861061322,3.6018680771243066,1.9459101490553132,0,5.5016662905340645
285,2,-6,-19,-21,-42,-52,-53,0.05,0.1,0.25,0.1,0.1,0.25,0.15,8.893799415212667,11.51575083807496,3.3623575483458916,2.0794415416798357,1,5.876754908724047
286,-3,-8,-11,-19,-22,NA,NA,0.23,0.3,0.22,0.24,0.01,NA,NA,5.143662300143013,7.141905337283579,2.6100697927420065,1.791759469228055,1,3.5405505448463095
