problem,x_1,x_2,x_3,x_4,x_5,p_1,p_2,p_3,p_4,p_5,OLC,SLC,ln_scale,ln_nstates,not_gains,ln_var,these,can,be,any,columns
17,151,-39,,,,.30000001,.69999999,,,,11.14736253070273,13.46100195382344,4.564348191467836,1.09861228866811,1,8.933532318779816,ds,4,0,9.3392897,-3
18,151,-39,,,,.30000001,.69999999,,,,11.14736253070273,13.46100195382344,4.564348191467836,1.09861228866811,1,8.933532318779816,sdcf,3,1,9.3392897,-3
19,151,-39,,,,.30000001,.69999999,,,,11.14736253070273,13.46100195382344,4.564348191467836,1.09861228866811,1,8.933532318779816,cdf,5,1,9.3392897,-3
20,151,-39,,,,.30000001,.69999999,,,,11.14736253070273,13.46100195382344,4.564348191467836,1.09861228866811,1,8.933532318779816,cdaf,3,1,9.3392897,-3
21,36,28,16,12,8,.15000001,.15000001,.2,.3,.2,5.654938766938026,7.085608607500313,3.044522437723423,1.791759469228055,0,4.566429343792824,cafd,5,3,9.3392897,-3
22,36,28,16,12,8,.15000001,.15000001,.2,.3,.2,5.654938766938026,7.085608607500313,3.044522437723423,1.791759469228055,0,4.566429343792824,acdfs,3,0,9.3392897,-3
23,36,28,16,12,8,.15000001,.15000001,.2,.3,.2,5.654938766938026,7.085608607500313,3.044522437723423,1.791759469228055,0,4.566429343792824,cdaf,3.6666667,.33333334,9.3392897,-3
24,36,28,16,12,8,.15000001,.15000001,.2,.3,.2,5.654938766938026,7.085608607500313,3.044522437723423,1.791759469228055,0,4.566429343792824,cafd,3.6666667,-.16666667,9.3392897,-3
25,35,15,,,,.15000001,.85000002,,,,3.742080475413453,4.545300073358883,3.258096538021482,1.09861228866811,0,3.951243570142919,acdfs,3.6666667,-.66666669,9.3392897,-3
