problem,x_1,x_2,x_3,x_4,x_5,p_1,p_2,p_3,p_4,p_5,These,can,be,any,columns
17,151,-39,NA,NA,NA,0.3,0.7,NA,NA,NA,ds,4,0,9.33929,-3
18,151,-39,NA,NA,NA,0.3,0.7,NA,NA,NA,sdcf,3,1,9.33929,-3
19,151,-39,NA,NA,NA,0.3,0.7,NA,NA,NA,cdf,5,1,9.33929,-3
20,151,-39,NA,NA,NA,0.3,0.7,NA,NA,NA,cdaf,3,1,9.33929,-3
21,36,28,16,12,8,0.15,0.15,0.2,0.3,0.2,cafd,5,3,9.33929,-3
22,36,28,16,12,8,0.15,0.15,0.2,0.3,0.2,acdfs,3,0,9.33929,-3
23,36,28,16,12,8,0.15,0.15,0.2,0.3,0.2,cdaf,3.666666667,0.333333333,9.33929,-3
24,36,28,16,12,8,0.15,0.15,0.2,0.3,0.2,cafd,3.666666667,-0.166666667,9.33929,-3
25,35,15,NA,NA,NA,0.15,0.85,NA,NA,NA,acdfs,3.666666667,-0.666666667,9.33929,-3