features,OCI,SCI,OAC,SAC
_cons,0.14806231597880745,0.0944616405846711,-2.400688407769936,-2.4181394592292564
ln_abs_ev_diff__ab,-0.08920310557090708,-0.01508973356345036,0,0
ave_ln_scale__ab,0.03475749367061056,0.00287533095367085,1.1055074918011627,1.411622291022413
ave_ln_nstates__ab,0.04398036126201979,0.05152090523063344,2.0635669032550563,3.0922334193092995
compound,0.07155060514091899,0.05950504602045561,2.4478060858729984,3.3948503117404356
ave_gains__ab,-0.02795064335334652,-0.02727425596304565,-1.161127753130236,-2.2273854235115027
ln_cdf_diff_abs__ab,0.05811151984149546,0.02158616561347482,1.756319485211238,1.8621917366251153
